op,live_requested,used_footprint,free_payload_F,largest_alloc_L,largest_free,ext_frag,phys_frag,failed_allocs
500,93808,96000,163776,122864,123632,0.24980,0.24512,0
1000,83752,86144,173424,94192,94848,0.45687,0.45309,0
1500,92528,94688,164976,131056,136048,0.20561,0.17535,0
2000,108256,110672,149120,90096,92832,0.39582,0.37747,0
2500,115472,117824,141808,77808,80496,0.45131,0.43236,0
3000,126264,128816,130832,90096,93840,0.31136,0.28274,0
3500,109096,111168,148576,110576,112592,0.25576,0.24219,0
4000,96088,98400,161280,110576,112592,0.31438,0.30188,0
4500,121200,123424,136208,86000,89968,0.36861,0.33948,0
5000,105072,107200,152528,90096,94080,0.40932,0.38320,0
5500,87904,90128,169504,102384,103840,0.39598,0.38739,0
6000,79056,81344,178336,110576,111600,0.37996,0.37421,0
6500,96496,98784,160912,110576,113664,0.31282,0.29363,0
7000,119608,122032,137664,98288,101328,0.28603,0.26395,0
7500,109544,111920,147744,65520,68432,0.55653,0.53682,0
8000,116400,118784,140880,65520,68432,0.53492,0.51425,0
8500,89216,91824,167856,110576,113760,0.34124,0.32228,0
9000,96464,99104,160576,77808,80864,0.51544,0.49641,0
9500,95936,98256,161376,106480,107808,0.34017,0.33195,0
10000,84904,87296,172448,106480,107808,0.38254,0.37484,0
10500,94384,96336,163264,94192,95744,0.42307,0.41356,0
11000,102312,104928,154576,94192,95840,0.39064,0.37998,0
11500,103816,106016,153568,106480,106800,0.30663,0.30454,0
12000,107136,109568,150112,110576,110912,0.26338,0.26114,0
12500,78184,80656,178848,106480,106800,0.40463,0.40284,0
13000,114888,117248,142560,98288,98576,0.31055,0.30853,0
13500,117304,119904,139728,90096,90352,0.35520,0.35337,0
14000,110456,112688,146896,53232,53344,0.63762,0.63686,0
14500,101032,103328,156448,57328,58464,0.63357,0.62630,0
15000,92872,95280,164384,106480,107152,0.35225,0.34816,0
15500,103736,105856,153808,77808,79936,0.49412,0.48029,0
16000,103072,105344,154304,73712,75824,0.52229,0.50861,0
16500,80600,82736,176928,77808,80416,0.56023,0.54549,0
17000,114616,116768,142832,77808,80416,0.45525,0.43699,0
17500,129416,131872,127664,73712,74752,0.42261,0.41446,0
18000,95128,97648,162016,81904,84000,0.49447,0.48153,0
18500,98936,101360,158320,81904,84000,0.48267,0.46943,0
19000,103272,105696,153888,90096,90160,0.41454,0.41412,0
19500,100800,103296,156384,102384,103632,0.34530,0.33732,0
20000,97160,99184,160464,98288,99520,0.38748,0.37980,0
20500,111808,114144,145360,73712,74848,0.49290,0.48509,0
21000,88832,91024,168480,94192,95408,0.44093,0.43371,0
21500,123832,126320,133360,94192,96816,0.29370,0.27403,0
22000,108464,110784,148768,86000,89072,0.42192,0.40127,0
22500,94792,97328,162448,90096,93712,0.44539,0.42313,0
23000,108488,110848,148736,69616,73424,0.53195,0.50635,0
23500,98056,100256,159328,59376,61088,0.62733,0.61659,0
24000,98568,100800,158800,63472,65200,0.60030,0.58942,0
24500,104744,106864,152848,102384,103152,0.33016,0.32513,0
25000,120624,123152,136544,90096,90816,0.34017,0.33490,0
25500,98536,101008,158624,90096,92864,0.43202,0.41457,0
26000,96280,98240,161360,102384,103152,0.36549,0.36073,0
26500,104680,106992,152656,81904,82592,0.46347,0.45897,0
27000,119888,122256,137296,61424,62032,0.55262,0.54819,0
27500,126856,129184,130416,57328,57920,0.56042,0.55588,0
28000,71008,73408,186256,77808,78480,0.58225,0.57864,0
28500,89024,91456,168176,77808,78528,0.53734,0.53306,0
29000,85488,87696,171984,81904,84848,0.52377,0.50665,0
29500,117064,119504,139984,77808,80736,0.44417,0.42325,0
30000,85640,87600,172080,98288,99664,0.42882,0.42083,0
30500,117592,120240,139456,106480,108960,0.23646,0.21868,0
31000,115488,117648,141968,86000,88400,0.39423,0.37732,0
31500,101024,103376,156256,106480,110176,0.31855,0.29490,0
32000,106648,109024,150592,102384,106064,0.32012,0.29569,0
32500,127960,130432,129184,90096,93728,0.30258,0.27446,0
33000,96696,99200,160480,98288,101936,0.38754,0.36481,0
33500,89184,91200,168336,106480,108112,0.36746,0.35776,0
34000,93712,95952,163696,106480,109120,0.34953,0.33340,0
34500,78448,80976,178672,114672,116336,0.35820,0.34889,0
35000,90504,92704,167072,114672,116592,0.31364,0.30215,0
35500,88320,90896,168880,114672,116592,0.32099,0.30962,0
36000,94200,96592,163104,110576,112480,0.32205,0.31038,0
36500,99600,101696,157904,102384,104400,0.35161,0.33884,0
37000,115824,118320,141264,106480,108608,0.24623,0.23117,0
37500,132336,134704,124864,73712,75712,0.40966,0.39364,0
38000,102256,104592,155120,90096,90096,0.41919,0.41919,0
38500,133608,135888,123616,63472,65424,0.48654,0.47075,0
39000,105800,108000,151584,49136,51024,0.67585,0.66339,0
39500,103704,105840,153712,53232,55136,0.65369,0.64130,0
40000,105784,108016,151616,98288,98336,0.35173,0.35141,0
40500,94456,96688,163040,98288,98336,0.39715,0.39686,0
41000,105600,108256,151360,94192,94576,0.37770,0.37516,0
41500,85224,87552,171984,98288,98688,0.42850,0.42618,0
42000,123992,126512,133216,94192,95264,0.29294,0.28489,0
42500,107240,109456,150112,65520,66480,0.56353,0.55713,0
43000,103400,105760,153840,102384,105552,0.33448,0.31388,0
43500,109752,112096,147488,98288,101440,0.33359,0.31222,0
44000,104656,107136,152640,110576,114128,0.27558,0.25231,0
44500,108688,111312,148384,98288,101792,0.33761,0.31400,0
45000,102984,105472,154256,94192,97680,0.38938,0.36677,0
45500,94968,97232,162336,98288,102112,0.39454,0.37098,0
46000,122464,124880,134736,94192,98016,0.30091,0.27253,0
46500,100384,102928,156624,73712,75392,0.52937,0.51864,0
47000,89888,92096,167584,90096,91840,0.46238,0.45198,0
47500,90376,92768,166896,94192,96000,0.43562,0.42479,0
48000,97400,99792,159888,94192,96000,0.41089,0.39958,0
48500,78048,80448,179280,98288,98624,0.45176,0.44989,0
49000,95464,97744,161936,98288,100944,0.39304,0.37664,0
49500,121360,123792,135920,86000,88608,0.36727,0.34809,0
50000,93784,96272,163376,94192,97840,0.42346,0.40114,0
50500,109240,111680,147856,98288,101088,0.33525,0.31631,0
51000,96616,98688,161008,94192,98016,0.41499,0.39124,0
51500,110552,113136,146496,81904,85680,0.44091,0.41514,0
52000,92720,94928,164720,94192,98096,0.42817,0.40447,0
52500,105072,107504,152144,94192,98096,0.38090,0.35524,0
53000,129536,132064,127424,69616,70960,0.45367,0.44312,0
53500,108768,111072,148496,61424,62736,0.58636,0.57752,0
54000,98592,100960,158816,69616,70960,0.56166,0.55319,0
54500,113104,115744,143776,69616,70960,0.51580,0.50645,0
55000,104208,106608,153008,69616,71056,0.54502,0.53561,0
55500,75056,77392,182336,69616,71328,0.61820,0.60881,0
56000,107008,109392,150304,69616,71472,0.53683,0.52448,0
56500,108864,111264,148384,69616,71728,0.53084,0.51661,0
57000,112328,114640,144912,73712,76400,0.49133,0.47278,0
57500,86104,88144,171520,73712,76592,0.57024,0.55345,0
58000,117200,119824,139824,73712,76736,0.47282,0.45120,0
58500,101424,103744,155984,63472,64400,0.59309,0.58714,0
59000,90672,92768,167008,77808,79200,0.53411,0.52577,0
59500,116032,118368,141296,77808,80768,0.44933,0.42838,0
60000,119032,121408,138224,77808,80768,0.43709,0.41567,0
60500,130520,132832,126752,51184,51984,0.59619,0.58988,0
61000,142200,144752,114880,51184,51984,0.55446,0.54749,0
61500,137488,140032,119584,59376,60208,0.50348,0.49652,0
62000,119088,121552,138128,51184,51984,0.62945,0.62365,0
62500,108024,110432,149264,69616,72608,0.53360,0.51356,0
63000,128088,130896,128688,69616,73392,0.45903,0.42969,0
63500,105680,107872,151680,61424,61840,0.59504,0.59230,0
64000,125288,127696,131920,73712,74176,0.44124,0.43772,0
64500,109384,111520,148032,73712,77344,0.50205,0.47752,0
65000,113280,115440,144224,81904,81984,0.43211,0.43155,0
65500,114040,116176,143488,77808,77872,0.45774,0.45729,0
66000,86208,88496,171120,81904,81984,0.52137,0.52090,0
66500,97472,99728,159936,81904,82464,0.48790,0.48439,0
67000,103424,105552,153984,81904,82608,0.46810,0.46353,0
67500,85312,87648,171952,81904,83664,0.52368,0.51345,0
68000,109072,111456,148240,81904,85728,0.44749,0.42169,0
68500,116080,118608,141088,81904,85936,0.41948,0.39090,0
69000,97408,99792,159776,86000,86208,0.46175,0.46044,0
69500,115928,118176,141408,61424,61568,0.56563,0.56461,0
70000,142904,145312,114384,61424,61568,0.46300,0.46174,0
70500,104960,107312,152480,65520,66160,0.57030,0.56611,0
71000,89736,92320,167344,86000,86592,0.48609,0.48255,0
71500,78968,81200,178496,86000,86736,0.51820,0.51407,0
72000,99552,101968,157680,86000,86896,0.45459,0.44891,0
72500,99912,102288,157360,86000,86944,0.45348,0.44748,0
73000,109232,111696,147968,81904,83872,0.44647,0.43317,0
73500,61328,63296,196464,86000,88112,0.56226,0.55151,0
74000,74888,77088,182544,86000,88336,0.52888,0.51608,0
74500,104088,106224,153440,86000,88336,0.43952,0.42430,0
75000,99600,102016,157600,86000,89504,0.45431,0.43208,0
75500,79080,81120,178576,86000,89584,0.51841,0.49834,0
76000,90680,93072,166640,86000,89808,0.48392,0.46107,0
76500,140592,142896,116704,59376,60528,0.49123,0.48135,0
77000,103192,105392,154208,73712,76976,0.52200,0.50083,0
77500,95592,97856,161792,94192,96304,0.41782,0.40477,0
78000,107072,109472,150160,98288,100688,0.34544,0.32946,0
78500,89000,91504,168224,98288,100688,0.41573,0.40146,0
79000,98136,100416,159248,98288,101104,0.38280,0.36512,0
79500,115168,117584,142160,98288,101104,0.30861,0.28880,0
80000,95888,98400,161248,98288,101984,0.39045,0.36753,0
80500,122360,124960,134704,102384,103936,0.23993,0.22841,0
81000,117016,119600,140032,61424,62816,0.56136,0.55142,0
81500,83400,85632,174048,106480,108128,0.38821,0.37875,0
82000,108576,110944,148704,106480,108384,0.28395,0.27114,0
82500,115240,117616,141984,81904,83712,0.42315,0.41041,0
83000,95240,97360,162288,90096,93984,0.44484,0.42088,0
83500,98384,101008,158672,106480,110464,0.32893,0.30382,0
84000,97296,99664,159904,106480,108416,0.33410,0.32199,0
84500,98880,101184,158400,86000,87856,0.45707,0.44535,0
85000,94928,96944,162592,98288,100192,0.39549,0.38378,0
85500,110912,113184,146400,90096,91968,0.38459,0.37180,0
86000,106936,109264,150320,94192,96896,0.37339,0.35540,0
86500,117328,119680,139904,81904,84560,0.41457,0.39559,0
87000,110512,112720,146736,61424,61936,0.58140,0.57791,0
87500,89344,91920,167744,65520,67056,0.60940,0.60025,0
88000,83448,85792,173792,110576,111008,0.36375,0.36126,0
88500,108832,111152,148464,90096,92496,0.39315,0.37698,0
89000,112552,114992,144608,98288,98672,0.32031,0.31766,0
89500,95616,98032,161568,102384,103104,0.36631,0.36185,0
90000,100128,102432,157264,102384,104672,0.34897,0.33442,0
90500,115776,118144,141632,106480,106896,0.24819,0.24526,0
91000,116712,119056,140560,69616,71920,0.50472,0.48833,0
91500,88912,91024,168656,73712,76528,0.56294,0.54625,0
92000,113000,115552,144048,106480,106896,0.26080,0.25791,0
92500,113392,115840,143744,77808,78112,0.45870,0.45659,0
93000,124088,126288,133360,86000,86336,0.35513,0.35261,0
93500,127856,130432,129296,81904,82272,0.36654,0.36369,0
94000,94120,96384,163040,90096,90576,0.44740,0.44446,0
94500,95896,98208,161312,90096,92912,0.44148,0.42402,0
95000,94800,96992,162768,94192,95984,0.42131,0.41030,0
95500,118840,121200,138464,94192,95984,0.31974,0.30679,0
96000,101104,103216,156528,94192,96096,0.39824,0.38608,0
96500,107744,110368,149232,94192,96096,0.36882,0.35606,0
97000,104096,106624,153104,94192,96512,0.38478,0.36963,0
97500,106776,109392,150272,110576,113600,0.26416,0.24404,0
98000,83656,85840,173888,86000,88928,0.50543,0.48859,0
98500,88240,90576,169072,102384,105376,0.39444,0.37674,0
99000,92936,95392,164240,98288,102272,0.40156,0.37730,0
99500,79680,81920,177584,86000,89936,0.51572,0.49356,0
100000,92944,95376,164352,94192,94560,0.42689,0.42465,0
